test_index,key,method_a,method_b,api_url_a,api_url_b,request_header_a,request_header_b,request_body_a,request_body_b,response_header_a,response_header_b,response_body_a,response_body_b,start_time_utc_a,end_time_utc_a,start_time_utc_b,end_time_utc_b,response_time_ms_a,response_time_ms_b,response_time_diff_ms,status_result,description
1,create_post,POST,POST,https://jsonplaceholder.typicode.com/posts,https://jsonplaceholder.typicode.com/posts,{'Content-Type': 'application/json'},{'Content-Type': 'application/json'},"{'body': 'bar', 'title': 'foo', 'userId': 1}","{'body': 'bar', 'title': 'foo', 'userId': 1}","{""CF-RAY"": ""9d1940cd5f8b8ac8-SJC"", ""Cache-Control"": ""no-cache"", ""Connection"": ""keep-alive"", ""Content-Length"": ""65"", ""Content-Type"": ""application/json; charset=utf-8"", ""Date"": ""Sat, 21 Feb 2026 21:14:24 GMT"", ""Server"": ""cloudflare"", ""access-control-allow-credentials"": ""true"", ""access-control-expose-headers"": ""Location"", ""alt-svc"": ""h3=\"":443\""; ma=86400"", ""cf-cache-status"": ""DYNAMIC"", ""etag"": ""W/\""41-GDNaWfnVU6RZhpLbye0veBaqcHA\"""", ""expires"": ""-1"", ""location"": ""https://jsonplaceholder.typicode.com/posts/101"", ""nel"": ""{\""report_to\"":\""heroku-nel\"",\""response_headers\"":[\""Via\""],\""max_age\"":3600,\""success_fraction\"":0.01,\""failure_fraction\"":0.1}"", ""pragma"": ""no-cache"", ""report-to"": ""{\""group\"":\""heroku-nel\"",\""endpoints\"":[{\""url\"":\""https://nel.heroku.com/reports?s=DhmDRwDBtU4p3320XtBc5fudiWjtcSPGSll2%2F%2BeevDE%3D\\u0026sid=e11707d5-02a7-43ef-b45e-2cf4d2036f7d\\u0026ts=1771708464\""}],\""max_age\"":3600}"", ""reporting-endpoints"": ""heroku-nel=\""https://nel.heroku.com/reports?s=DhmDRwDBtU4p3320XtBc5fudiWjtcSPGSll2%2F%2BeevDE%3D&sid=e11707d5-02a7-43ef-b45e-2cf4d2036f7d&ts=1771708464\"""", ""vary"": ""Origin, X-HTTP-Method-Override, Accept-Encoding"", ""via"": ""2.0 heroku-router"", ""x-content-type-options"": ""nosniff"", ""x-powered-by"": ""Express"", ""x-ratelimit-limit"": ""1000"", ""x-ratelimit-remaining"": ""999"", ""x-ratelimit-reset"": ""1771708508""}","{""CF-RAY"": ""9d1940ce09098ac8-SJC"", ""Cache-Control"": ""no-cache"", ""Connection"": ""keep-alive"", ""Content-Length"": ""65"", ""Content-Type"": ""application/json; charset=utf-8"", ""Date"": ""Sat, 21 Feb 2026 21:14:24 GMT"", ""Server"": ""cloudflare"", ""access-control-allow-credentials"": ""true"", ""access-control-expose-headers"": ""Location"", ""alt-svc"": ""h3=\"":443\""; ma=86400"", ""cf-cache-status"": ""DYNAMIC"", ""etag"": ""W/\""41-GDNaWfnVU6RZhpLbye0veBaqcHA\"""", ""expires"": ""-1"", ""location"": ""https://jsonplaceholder.typicode.com/posts/101"", ""nel"": ""{\""report_to\"":\""heroku-nel\"",\""response_headers\"":[\""Via\""],\""max_age\"":3600,\""success_fraction\"":0.01,\""failure_fraction\"":0.1}"", ""pragma"": ""no-cache"", ""report-to"": ""{\""group\"":\""heroku-nel\"",\""endpoints\"":[{\""url\"":\""https://nel.heroku.com/reports?s=DhmDRwDBtU4p3320XtBc5fudiWjtcSPGSll2%2F%2BeevDE%3D\\u0026sid=e11707d5-02a7-43ef-b45e-2cf4d2036f7d\\u0026ts=1771708464\""}],\""max_age\"":3600}"", ""reporting-endpoints"": ""heroku-nel=\""https://nel.heroku.com/reports?s=DhmDRwDBtU4p3320XtBc5fudiWjtcSPGSll2%2F%2BeevDE%3D&sid=e11707d5-02a7-43ef-b45e-2cf4d2036f7d&ts=1771708464\"""", ""vary"": ""Origin, X-HTTP-Method-Override, Accept-Encoding"", ""via"": ""2.0 heroku-router"", ""x-content-type-options"": ""nosniff"", ""x-powered-by"": ""Express"", ""x-ratelimit-limit"": ""1000"", ""x-ratelimit-remaining"": ""998"", ""x-ratelimit-reset"": ""1771708508""}","{
  ""title"": ""foo"",
  ""body"": ""bar"",
  ""userId"": 1,
  ""id"": 101
}","{
  ""title"": ""foo"",
  ""body"": ""bar"",
  ""userId"": 1,
  ""id"": 101
}",2026-02-21T21:14:25.332748+00:00,2026-02-21T21:14:25.784315+00:00,2026-02-21T21:14:25.784436+00:00,2026-02-21T21:14:25.885827+00:00,451.556600004551,101.38559999904828,350.1710000055027,success,Response body match
2,delete_post,DELETE,DELETE,https://jsonplaceholder.typicode.com/posts/1,https://jsonplaceholder.typicode.com/posts/1,{'Accept': 'application/json'},{'Accept': 'application/json'},,,"{""CF-RAY"": ""9d1940ceaa418ac8-SJC"", ""Cache-Control"": ""no-cache"", ""Connection"": ""keep-alive"", ""Content-Encoding"": ""zstd"", ""Content-Type"": ""application/json; charset=utf-8"", ""Date"": ""Sat, 21 Feb 2026 21:14:24 GMT"", ""Server"": ""cloudflare"", ""Transfer-Encoding"": ""chunked"", ""access-control-allow-credentials"": ""true"", ""alt-svc"": ""h3=\"":443\""; ma=86400"", ""cf-cache-status"": ""DYNAMIC"", ""etag"": ""W/\""2-vyGp6PvFo4RvsFtPoIWeCReyIC8\"""", ""expires"": ""-1"", ""nel"": ""{\""report_to\"":\""heroku-nel\"",\""response_headers\"":[\""Via\""],\""max_age\"":3600,\""success_fraction\"":0.01,\""failure_fraction\"":0.1}"", ""pragma"": ""no-cache"", ""report-to"": ""{\""group\"":\""heroku-nel\"",\""endpoints\"":[{\""url\"":\""https://nel.heroku.com/reports?s=DhmDRwDBtU4p3320XtBc5fudiWjtcSPGSll2%2F%2BeevDE%3D\\u0026sid=e11707d5-02a7-43ef-b45e-2cf4d2036f7d\\u0026ts=1771708464\""}],\""max_age\"":3600}"", ""reporting-endpoints"": ""heroku-nel=\""https://nel.heroku.com/reports?s=DhmDRwDBtU4p3320XtBc5fudiWjtcSPGSll2%2F%2BeevDE%3D&sid=e11707d5-02a7-43ef-b45e-2cf4d2036f7d&ts=1771708464\"""", ""vary"": ""Origin, Accept-Encoding"", ""via"": ""2.0 heroku-router"", ""x-content-type-options"": ""nosniff"", ""x-powered-by"": ""Express"", ""x-ratelimit-limit"": ""1000"", ""x-ratelimit-remaining"": ""997"", ""x-ratelimit-reset"": ""1771708508""}","{""CF-RAY"": ""9d1940cf4b6a8ac8-SJC"", ""Cache-Control"": ""no-cache"", ""Connection"": ""keep-alive"", ""Content-Encoding"": ""zstd"", ""Content-Type"": ""application/json; charset=utf-8"", ""Date"": ""Sat, 21 Feb 2026 21:14:24 GMT"", ""Server"": ""cloudflare"", ""Transfer-Encoding"": ""chunked"", ""access-control-allow-credentials"": ""true"", ""alt-svc"": ""h3=\"":443\""; ma=86400"", ""cf-cache-status"": ""DYNAMIC"", ""etag"": ""W/\""2-vyGp6PvFo4RvsFtPoIWeCReyIC8\"""", ""expires"": ""-1"", ""nel"": ""{\""report_to\"":\""heroku-nel\"",\""response_headers\"":[\""Via\""],\""max_age\"":3600,\""success_fraction\"":0.01,\""failure_fraction\"":0.1}"", ""pragma"": ""no-cache"", ""report-to"": ""{\""group\"":\""heroku-nel\"",\""endpoints\"":[{\""url\"":\""https://nel.heroku.com/reports?s=DhmDRwDBtU4p3320XtBc5fudiWjtcSPGSll2%2F%2BeevDE%3D\\u0026sid=e11707d5-02a7-43ef-b45e-2cf4d2036f7d\\u0026ts=1771708464\""}],\""max_age\"":3600}"", ""reporting-endpoints"": ""heroku-nel=\""https://nel.heroku.com/reports?s=DhmDRwDBtU4p3320XtBc5fudiWjtcSPGSll2%2F%2BeevDE%3D&sid=e11707d5-02a7-43ef-b45e-2cf4d2036f7d&ts=1771708464\"""", ""vary"": ""Origin, Accept-Encoding"", ""via"": ""2.0 heroku-router"", ""x-content-type-options"": ""nosniff"", ""x-powered-by"": ""Express"", ""x-ratelimit-limit"": ""1000"", ""x-ratelimit-remaining"": ""996"", ""x-ratelimit-reset"": ""1771708508""}",{},{},2026-02-21T21:14:25.885955+00:00,2026-02-21T21:14:25.984880+00:00,2026-02-21T21:14:25.984959+00:00,2026-02-21T21:14:26.080960+00:00,98.91950000019278,95.99620000517461,2.9232999950181693,success,Response body match
3,get_user,GET,GET,https://jsonplaceholder.typicode.com/users/1,https://jsonplaceholder.typicode.com/users/1,{'Accept': 'application/json'},{'Accept': 'application/json'},,,"{""Age"": ""224"", ""CF-RAY"": ""9d1940cfdc8a8ac8-SJC"", ""Cache-Control"": ""max-age=43200"", ""Connection"": ""keep-alive"", ""Content-Encoding"": ""zstd"", ""Content-Type"": ""application/json; charset=utf-8"", ""Date"": ""Sat, 21 Feb 2026 21:14:24 GMT"", ""Server"": ""cloudflare"", ""Transfer-Encoding"": ""chunked"", ""access-control-allow-credentials"": ""true"", ""alt-svc"": ""h3=\"":443\""; ma=86400"", ""cf-cache-status"": ""HIT"", ""etag"": ""W/\""1fd-+2Y3G3w049iSZtw5t1mzSnunngE\"""", ""expires"": ""-1"", ""nel"": ""{\""report_to\"":\""heroku-nel\"",\""response_headers\"":[\""Via\""],\""max_age\"":3600,\""success_fraction\"":0.01,\""failure_fraction\"":0.1}"", ""pragma"": ""no-cache"", ""report-to"": ""{\""group\"":\""heroku-nel\"",\""endpoints\"":[{\""url\"":\""https://nel.heroku.com/reports?s=2XMfDD%2FKM9kN2g3kKOubfNyP%2BJV%2FLtjV%2FK%2B81LkFW5U%3D\\u0026sid=e11707d5-02a7-43ef-b45e-2cf4d2036f7d\\u0026ts=1769408464\""}],\""max_age\"":3600}"", ""reporting-endpoints"": ""heroku-nel=\""https://nel.heroku.com/reports?s=2XMfDD%2FKM9kN2g3kKOubfNyP%2BJV%2FLtjV%2FK%2B81LkFW5U%3D&sid=e11707d5-02a7-43ef-b45e-2cf4d2036f7d&ts=1769408464\"""", ""vary"": ""Origin, Accept-Encoding"", ""via"": ""2.0 heroku-router"", ""x-content-type-options"": ""nosniff"", ""x-powered-by"": ""Express"", ""x-ratelimit-limit"": ""1000"", ""x-ratelimit-remaining"": ""967"", ""x-ratelimit-reset"": ""1769408520""}","{""Age"": ""224"", ""CF-RAY"": ""9d1940cffcc48ac8-SJC"", ""Cache-Control"": ""max-age=43200"", ""Connection"": ""keep-alive"", ""Content-Encoding"": ""zstd"", ""Content-Type"": ""application/json; charset=utf-8"", ""Date"": ""Sat, 21 Feb 2026 21:14:24 GMT"", ""Server"": ""cloudflare"", ""Transfer-Encoding"": ""chunked"", ""access-control-allow-credentials"": ""true"", ""alt-svc"": ""h3=\"":443\""; ma=86400"", ""cf-cache-status"": ""HIT"", ""etag"": ""W/\""1fd-+2Y3G3w049iSZtw5t1mzSnunngE\"""", ""expires"": ""-1"", ""nel"": ""{\""report_to\"":\""heroku-nel\"",\""response_headers\"":[\""Via\""],\""max_age\"":3600,\""success_fraction\"":0.01,\""failure_fraction\"":0.1}"", ""pragma"": ""no-cache"", ""report-to"": ""{\""group\"":\""heroku-nel\"",\""endpoints\"":[{\""url\"":\""https://nel.heroku.com/reports?s=2XMfDD%2FKM9kN2g3kKOubfNyP%2BJV%2FLtjV%2FK%2B81LkFW5U%3D\\u0026sid=e11707d5-02a7-43ef-b45e-2cf4d2036f7d\\u0026ts=1769408464\""}],\""max_age\"":3600}"", ""reporting-endpoints"": ""heroku-nel=\""https://nel.heroku.com/reports?s=2XMfDD%2FKM9kN2g3kKOubfNyP%2BJV%2FLtjV%2FK%2B81LkFW5U%3D&sid=e11707d5-02a7-43ef-b45e-2cf4d2036f7d&ts=1769408464\"""", ""vary"": ""Origin, Accept-Encoding"", ""via"": ""2.0 heroku-router"", ""x-content-type-options"": ""nosniff"", ""x-powered-by"": ""Express"", ""x-ratelimit-limit"": ""1000"", ""x-ratelimit-remaining"": ""967"", ""x-ratelimit-reset"": ""1769408520""}","{
  ""id"": 1,
  ""name"": ""Leanne Graham"",
  ""username"": ""Bret"",
  ""email"": ""Sincere@april.biz"",
  ""address"": {
    ""street"": ""Kulas Light"",
    ""suite"": ""Apt. 556"",
    ""city"": ""Gwenborough"",
    ""zipcode"": ""92998-3874"",
    ""geo"": {
      ""lat"": ""-37.3159"",
      ""lng"": ""81.1496""
    }
  },
  ""phone"": ""1-770-736-8031 x56442"",
  ""website"": ""hildegard.org"",
  ""company"": {
    ""name"": ""Romaguera-Crona"",
    ""catchPhrase"": ""Multi-layered client-server neural-net"",
    ""bs"": ""harness real-time e-markets""
  }
}","{
  ""id"": 1,
  ""name"": ""Leanne Graham"",
  ""username"": ""Bret"",
  ""email"": ""Sincere@april.biz"",
  ""address"": {
    ""street"": ""Kulas Light"",
    ""suite"": ""Apt. 556"",
    ""city"": ""Gwenborough"",
    ""zipcode"": ""92998-3874"",
    ""geo"": {
      ""lat"": ""-37.3159"",
      ""lng"": ""81.1496""
    }
  },
  ""phone"": ""1-770-736-8031 x56442"",
  ""website"": ""hildegard.org"",
  ""company"": {
    ""name"": ""Romaguera-Crona"",
    ""catchPhrase"": ""Multi-layered client-server neural-net"",
    ""bs"": ""harness real-time e-markets""
  }
}",2026-02-21T21:14:26.081092+00:00,2026-02-21T21:14:26.101577+00:00,2026-02-21T21:14:26.101667+00:00,2026-02-21T21:14:26.120660+00:00,20.479500002693385,18.98829999845475,1.4912000042386353,success,Response body match
4,update_post,PUT,PUT,https://jsonplaceholder.typicode.com/posts/1,https://jsonplaceholder.typicode.com/posts/1,{'Content-Type': 'application/json'},{'Content-Type': 'application/json'},"{'body': 'bar updated', 'id': 1, 'title': 'foo updated', 'userId': 1}","{'body': 'bar changed', 'id': 1, 'title': 'foo updated', 'userId': 1}","{""CF-RAY"": ""9d1940d01cf78ac8-SJC"", ""Cache-Control"": ""no-cache"", ""Connection"": ""keep-alive"", ""Content-Encoding"": ""zstd"", ""Content-Type"": ""application/json; charset=utf-8"", ""Date"": ""Sat, 21 Feb 2026 21:14:24 GMT"", ""Server"": ""cloudflare"", ""Transfer-Encoding"": ""chunked"", ""access-control-allow-credentials"": ""true"", ""alt-svc"": ""h3=\"":443\""; ma=86400"", ""cf-cache-status"": ""DYNAMIC"", ""etag"": ""W/\""4f-3iZQjmQWJQ/W+z0G/b1ntFsRoHs\"""", ""expires"": ""-1"", ""nel"": ""{\""report_to\"":\""heroku-nel\"",\""response_headers\"":[\""Via\""],\""max_age\"":3600,\""success_fraction\"":0.01,\""failure_fraction\"":0.1}"", ""pragma"": ""no-cache"", ""report-to"": ""{\""group\"":\""heroku-nel\"",\""endpoints\"":[{\""url\"":\""https://nel.heroku.com/reports?s=DhmDRwDBtU4p3320XtBc5fudiWjtcSPGSll2%2F%2BeevDE%3D\\u0026sid=e11707d5-02a7-43ef-b45e-2cf4d2036f7d\\u0026ts=1771708464\""}],\""max_age\"":3600}"", ""reporting-endpoints"": ""heroku-nel=\""https://nel.heroku.com/reports?s=DhmDRwDBtU4p3320XtBc5fudiWjtcSPGSll2%2F%2BeevDE%3D&sid=e11707d5-02a7-43ef-b45e-2cf4d2036f7d&ts=1771708464\"""", ""vary"": ""Origin, Accept-Encoding"", ""via"": ""2.0 heroku-router"", ""x-content-type-options"": ""nosniff"", ""x-powered-by"": ""Express"", ""x-ratelimit-limit"": ""1000"", ""x-ratelimit-remaining"": ""995"", ""x-ratelimit-reset"": ""1771708508""}","{""CF-RAY"": ""9d1940d1a8428ac8-SJC"", ""Cache-Control"": ""no-cache"", ""Connection"": ""keep-alive"", ""Content-Encoding"": ""zstd"", ""Content-Type"": ""application/json; charset=utf-8"", ""Date"": ""Sat, 21 Feb 2026 21:14:24 GMT"", ""Server"": ""cloudflare"", ""Transfer-Encoding"": ""chunked"", ""access-control-allow-credentials"": ""true"", ""alt-svc"": ""h3=\"":443\""; ma=86400"", ""cf-cache-status"": ""DYNAMIC"", ""etag"": ""W/\""4f-4B9SndlYOrAG4WT7Hq1ZDu9FhZk\"""", ""expires"": ""-1"", ""nel"": ""{\""report_to\"":\""heroku-nel\"",\""response_headers\"":[\""Via\""],\""max_age\"":3600,\""success_fraction\"":0.01,\""failure_fraction\"":0.1}"", ""pragma"": ""no-cache"", ""report-to"": ""{\""group\"":\""heroku-nel\"",\""endpoints\"":[{\""url\"":\""https://nel.heroku.com/reports?s=DhmDRwDBtU4p3320XtBc5fudiWjtcSPGSll2%2F%2BeevDE%3D\\u0026sid=e11707d5-02a7-43ef-b45e-2cf4d2036f7d\\u0026ts=1771708464\""}],\""max_age\"":3600}"", ""reporting-endpoints"": ""heroku-nel=\""https://nel.heroku.com/reports?s=DhmDRwDBtU4p3320XtBc5fudiWjtcSPGSll2%2F%2BeevDE%3D&sid=e11707d5-02a7-43ef-b45e-2cf4d2036f7d&ts=1771708464\"""", ""vary"": ""Origin, Accept-Encoding"", ""via"": ""2.0 heroku-router"", ""x-content-type-options"": ""nosniff"", ""x-powered-by"": ""Express"", ""x-ratelimit-limit"": ""1000"", ""x-ratelimit-remaining"": ""994"", ""x-ratelimit-reset"": ""1771708508""}","{
  ""id"": 1,
  ""title"": ""foo updated"",
  ""body"": ""bar updated"",
  ""userId"": 1
}","{
  ""id"": 1,
  ""title"": ""foo updated"",
  ""body"": ""bar changed"",
  ""userId"": 1
}",2026-02-21T21:14:26.120798+00:00,2026-02-21T21:14:26.372322+00:00,2026-02-21T21:14:26.372425+00:00,2026-02-21T21:14:26.466194+00:00,251.51900000491878,93.76550000160933,157.75350000330945,fail,"Response body mismatch: $.body A=""bar updated"" B=""bar changed"""
